Product_name,Rating,price,Delivary_date,link
HUBTURE Everlasting Pencil,3.4,299,"Mon, 10 Nov",https://www.amazon.in/sspa/click?ie=UTF8&spc=MTo1MjAxMzE0OTE1NTI1MzE2OjE3NjI0OTkwNzI6c3BfYXRmOjMwMDI2NDYwNTk4NzgzMjo6MDo6&url=%2FHUBTURE-Everlasting-Infinite-Infinity-Multicolor%2Fdp%2FB0D132WLP8%2Fref%3Dsr_1_1_sspa%3Fcrid%3D1H4S2TTFDRQBB%26dib%3DeyJ2IjoiMSJ9.DPV4CKjBskvF4b82ogpSjvSC34ccoVyLUSGdwaf6XdXv1KNdw_59uTb9JiIDJsxKaBeXlaRTE7kXlH8Vve_s7wTke0qYARkG27RcvN4cmtXjM8FJGuTqLoYkKQLQGsPpL6-h_pwgeEHSm4L4ilVocOmISRmJ3ovxCgnawCMx07MNnPWNYK7iHXL_NEtxpA2d5aZ51UNZOkbmOhcL2HKYzneW4_jKSLFlkM5fL5OnEQDMv2jyN9641nH44YUX8WrJtbBlBYi57dDjE2TGuyCFV_-FNZ4R1fCaOwqtR81QuHE.cOW_bdv3OLS_NN7GFLf3f5R0GSZIIvefZLlYLdAfzYU%26dib_tag%3Dse%26keywords%3Dpencil%26qid%3D1762499072%26sprefix%3Dpencil%252Caps%252C306%26sr%3D8-1-spons%26sp_csd%3Dd2lkZ2V0TmFtZT1zcF9hdGY%26psc%3D1&aref=77n2khrDFE&sp_cr=ZAZ
Forever Pencil - Plantable pencil with Seed - Eco-Friendly Return Gifts for Birthday,4.6,175,"Thu, 13 Nov",https://www.amazon.in/sspa/click?ie=UTF8&spc=MTo1MjAxMzE0OTE1NTI1MzE2OjE3NjI0OTkwNzI6c3BfYXRmOjMwMDc0MDE5MDUwODAzMjo6MDo6&url=%2FHaathka-Homes-Forever-Pencil-Eco-Friendly%2Fdp%2FB0FLDJWJRL%2Fref%3Dsr_1_2_sspa%3Fcrid%3D1H4S2TTFDRQBB%26dib%3DeyJ2IjoiMSJ9.DPV4CKjBskvF4b82ogpSjvSC34ccoVyLUSGdwaf6XdXv1KNdw_59uTb9JiIDJsxKaBeXlaRTE7kXlH8Vve_s7wTke0qYARkG27RcvN4cmtXjM8FJGuTqLoYkKQLQGsPpL6-h_pwgeEHSm4L4ilVocOmISRmJ3ovxCgnawCMx07MNnPWNYK7iHXL_NEtxpA2d5aZ51UNZOkbmOhcL2HKYzneW4_jKSLFlkM5fL5OnEQDMv2jyN9641nH44YUX8WrJtbBlBYi57dDjE2TGuyCFV_-FNZ4R1fCaOwqtR81QuHE.cOW_bdv3OLS_NN7GFLf3f5R0GSZIIvefZLlYLdAfzYU%26dib_tag%3Dse%26keywords%3Dpencil%26qid%3D1762499072%26sprefix%3Dpencil%252Caps%252C306%26sr%3D8-2-spons%26sp_csd%3Dd2lkZ2V0TmFtZT1zcF9hdGY%26psc%3D1&aref=hXmNGPAnHr&sp_cr=ZAZ
Wynhard Drawing Pencils 47 Pcs Shading Pencils Set Drawing Kit Sketching Kit Sketch Pencils Set for Artists Charcoal Pencils for Artists Pencils for Artists Kit Graphite Pencil Set Artist Pencil Set,4.4,779,"Sun, 9 Nov",https://www.amazon.in/sspa/click?ie=UTF8&spc=MTo1MjAxMzE0OTE1NTI1MzE2OjE3NjI0OTkwNzI6c3BfYXRmOjMwMDQyNjQ1Nzk4NTMzMjo6MDo6&url=%2FWynhard-Drawing-Sketching-Charcoal-Graphite%2Fdp%2FB0BLZBB9M4%2Fref%3Dsr_1_3_sspa%3Fcrid%3D1H4S2TTFDRQBB%26dib%3DeyJ2IjoiMSJ9.DPV4CKjBskvF4b82ogpSjvSC34ccoVyLUSGdwaf6XdXv1KNdw_59uTb9JiIDJsxKaBeXlaRTE7kXlH8Vve_s7wTke0qYARkG27RcvN4cmtXjM8FJGuTqLoYkKQLQGsPpL6-h_pwgeEHSm4L4ilVocOmISRmJ3ovxCgnawCMx07MNnPWNYK7iHXL_NEtxpA2d5aZ51UNZOkbmOhcL2HKYzneW4_jKSLFlkM5fL5OnEQDMv2jyN9641nH44YUX8WrJtbBlBYi57dDjE2TGuyCFV_-FNZ4R1fCaOwqtR81QuHE.cOW_bdv3OLS_NN7GFLf3f5R0GSZIIvefZLlYLdAfzYU%26dib_tag%3Dse%26keywords%3Dpencil%26qid%3D1762499072%26sprefix%3Dpencil%252Caps%252C306%26sr%3D8-3-spons%26sp_csd%3Dd2lkZ2V0TmFtZT1zcF9hdGY%26psc%3D1&aref=MKK1QEuYae&sp_cr=ZAZ
Pentonic Extra Dark Graphite Pencil Box Pack,4.1,100,"Mon, 10 Nov",https://www.amazon.in/sspa/click?ie=UTF8&spc=MTo1MjAxMzE0OTE1NTI1MzE2OjE3NjI0OTkwNzI6c3BfYXRmOjMwMDUzNzM2MTk3MDgzMjo6MDo6&url=%2FPentonic-Extra-Dark-Graphite-Pencil%2Fdp%2FB07S9F8T17%2Fref%3Dsr_1_4_sspa%3Fcrid%3D1H4S2TTFDRQBB%26dib%3DeyJ2IjoiMSJ9.DPV4CKjBskvF4b82ogpSjvSC34ccoVyLUSGdwaf6XdXv1KNdw_59uTb9JiIDJsxKaBeXlaRTE7kXlH8Vve_s7wTke0qYARkG27RcvN4cmtXjM8FJGuTqLoYkKQLQGsPpL6-h_pwgeEHSm4L4ilVocOmISRmJ3ovxCgnawCMx07MNnPWNYK7iHXL_NEtxpA2d5aZ51UNZOkbmOhcL2HKYzneW4_jKSLFlkM5fL5OnEQDMv2jyN9641nH44YUX8WrJtbBlBYi57dDjE2TGuyCFV_-FNZ4R1fCaOwqtR81QuHE.cOW_bdv3OLS_NN7GFLf3f5R0GSZIIvefZLlYLdAfzYU%26dib_tag%3Dse%26keywords%3Dpencil%26qid%3D1762499072%26sprefix%3Dpencil%252Caps%252C306%26sr%3D8-4-spons%26sp_csd%3Dd2lkZ2V0TmFtZT1zcF9hdGY%26psc%3D1&aref=OAQbKXlyVK&sp_cr=ZAZ
Doms Zoom Ultimate Dark Triangle Pencil,4.3,180,"Mon, 10 Nov",https://www.amazon.in/Doms-Ultimate-Sharpener-Multicoloured-DM7274/dp/B09LM5ZLNX/ref=sr_1_5?crid=1H4S2TTFDRQBB&dib=eyJ2IjoiMSJ9.DPV4CKjBskvF4b82ogpSjvSC34ccoVyLUSGdwaf6XdXv1KNdw_59uTb9JiIDJsxKaBeXlaRTE7kXlH8Vve_s7wTke0qYARkG27RcvN4cmtXjM8FJGuTqLoYkKQLQGsPpL6-h_pwgeEHSm4L4ilVocOmISRmJ3ovxCgnawCMx07MNnPWNYK7iHXL_NEtxpA2d5aZ51UNZOkbmOhcL2HKYzneW4_jKSLFlkM5fL5OnEQDMv2jyN9641nH44YUX8WrJtbBlBYi57dDjE2TGuyCFV_-FNZ4R1fCaOwqtR81QuHE.cOW_bdv3OLS_NN7GFLf3f5R0GSZIIvefZLlYLdAfzYU&dib_tag=se&keywords=pencil&qid=1762499072&sprefix=pencil%2Caps%2C306&sr=8-5
BRUSTRO 2HB Pencils,4.3,87,"Mon, 10 Nov",https://www.amazon.in/BRUSTRO-Pre-Sharpened-Handwriting-Sketching-Graphite/dp/B09PNL8X62/ref=sr_1_6?crid=1H4S2TTFDRQBB&dib=eyJ2IjoiMSJ9.DPV4CKjBskvF4b82ogpSjvSC34ccoVyLUSGdwaf6XdXv1KNdw_59uTb9JiIDJsxKaBeXlaRTE7kXlH8Vve_s7wTke0qYARkG27RcvN4cmtXjM8FJGuTqLoYkKQLQGsPpL6-h_pwgeEHSm4L4ilVocOmISRmJ3ovxCgnawCMx07MNnPWNYK7iHXL_NEtxpA2d5aZ51UNZOkbmOhcL2HKYzneW4_jKSLFlkM5fL5OnEQDMv2jyN9641nH44YUX8WrJtbBlBYi57dDjE2TGuyCFV_-FNZ4R1fCaOwqtR81QuHE.cOW_bdv3OLS_NN7GFLf3f5R0GSZIIvefZLlYLdAfzYU&dib_tag=se&keywords=pencil&qid=1762499072&sprefix=pencil%2Caps%2C306&sr=8-6
Apsara Matt Magic Pencil 2.0 [Pack of 10],4.4,53,"Fri, 14 Nov",https://www.amazon.in/Apsara-Matt-Magic-Pencil-2-0/dp/B07Y896PWQ/ref=sr_1_7?crid=1H4S2TTFDRQBB&dib=eyJ2IjoiMSJ9.DPV4CKjBskvF4b82ogpSjvSC34ccoVyLUSGdwaf6XdXv1KNdw_59uTb9JiIDJsxKaBeXlaRTE7kXlH8Vve_s7wTke0qYARkG27RcvN4cmtXjM8FJGuTqLoYkKQLQGsPpL6-h_pwgeEHSm4L4ilVocOmISRmJ3ovxCgnawCMx07MNnPWNYK7iHXL_NEtxpA2d5aZ51UNZOkbmOhcL2HKYzneW4_jKSLFlkM5fL5OnEQDMv2jyN9641nH44YUX8WrJtbBlBYi57dDjE2TGuyCFV_-FNZ4R1fCaOwqtR81QuHE.cOW_bdv3OLS_NN7GFLf3f5R0GSZIIvefZLlYLdAfzYU&dib_tag=se&keywords=pencil&qid=1762499072&sprefix=pencil%2Caps%2C306&sr=8-7
Apsara Platinum Pencil Value Pack,4.4,99,"Thu, 13 Nov",https://www.amazon.in/Apsara-Platinum-Pencils-Value-Pack/dp/B00VA7YYUO/ref=sr_1_8?crid=1H4S2TTFDRQBB&dib=eyJ2IjoiMSJ9.DPV4CKjBskvF4b82ogpSjvSC34ccoVyLUSGdwaf6XdXv1KNdw_59uTb9JiIDJsxKaBeXlaRTE7kXlH8Vve_s7wTke0qYARkG27RcvN4cmtXjM8FJGuTqLoYkKQLQGsPpL6-h_pwgeEHSm4L4ilVocOmISRmJ3ovxCgnawCMx07MNnPWNYK7iHXL_NEtxpA2d5aZ51UNZOkbmOhcL2HKYzneW4_jKSLFlkM5fL5OnEQDMv2jyN9641nH44YUX8WrJtbBlBYi57dDjE2TGuyCFV_-FNZ4R1fCaOwqtR81QuHE.cOW_bdv3OLS_NN7GFLf3f5R0GSZIIvefZLlYLdAfzYU&dib_tag=se&keywords=pencil&qid=1762499072&sprefix=pencil%2Caps%2C306&sr=8-8
Doms Fusion Xtra Super Dark Pencil Box Pack,4.0,140,"Mon, 10 Nov",https://www.amazon.in/Doms-Writing-Sharpning-Comfortable-Erasner/dp/B07P5637YQ/ref=sr_1_9?crid=1H4S2TTFDRQBB&dib=eyJ2IjoiMSJ9.DPV4CKjBskvF4b82ogpSjvSC34ccoVyLUSGdwaf6XdXv1KNdw_59uTb9JiIDJsxKaBeXlaRTE7kXlH8Vve_s7wTke0qYARkG27RcvN4cmtXjM8FJGuTqLoYkKQLQGsPpL6-h_pwgeEHSm4L4ilVocOmISRmJ3ovxCgnawCMx07MNnPWNYK7iHXL_NEtxpA2d5aZ51UNZOkbmOhcL2HKYzneW4_jKSLFlkM5fL5OnEQDMv2jyN9641nH44YUX8WrJtbBlBYi57dDjE2TGuyCFV_-FNZ4R1fCaOwqtR81QuHE.cOW_bdv3OLS_NN7GFLf3f5R0GSZIIvefZLlYLdAfzYU&dib_tag=se&keywords=pencil&qid=1762499072&sprefix=pencil%2Caps%2C306&sr=8-9
BRUSTRO Extra Dark Pencils,4.3,70,"Sun, 9 Nov",https://www.amazon.in/BRUSTRO-Pencils-Sketching-Portrait-Students/dp/B0FJ2GF8K8/ref=sr_1_10?crid=1H4S2TTFDRQBB&dib=eyJ2IjoiMSJ9.DPV4CKjBskvF4b82ogpSjvSC34ccoVyLUSGdwaf6XdXv1KNdw_59uTb9JiIDJsxKaBeXlaRTE7kXlH8Vve_s7wTke0qYARkG27RcvN4cmtXjM8FJGuTqLoYkKQLQGsPpL6-h_pwgeEHSm4L4ilVocOmISRmJ3ovxCgnawCMx07MNnPWNYK7iHXL_NEtxpA2d5aZ51UNZOkbmOhcL2HKYzneW4_jKSLFlkM5fL5OnEQDMv2jyN9641nH44YUX8WrJtbBlBYi57dDjE2TGuyCFV_-FNZ4R1fCaOwqtR81QuHE.cOW_bdv3OLS_NN7GFLf3f5R0GSZIIvefZLlYLdAfzYU&dib_tag=se&keywords=pencil&qid=1762499072&sprefix=pencil%2Caps%2C306&sr=8-10
SHUTTLE ART 2pcs Eternal Inkless Pencil,3.4,105,"Mon, 10 Nov",https://www.amazon.in/SHUTTLE-ART-Permanent-Sharpening-Everlasting/dp/B0DGGSH492/ref=sr_1_11?crid=1H4S2TTFDRQBB&dib=eyJ2IjoiMSJ9.DPV4CKjBskvF4b82ogpSjvSC34ccoVyLUSGdwaf6XdXv1KNdw_59uTb9JiIDJsxKaBeXlaRTE7kXlH8Vve_s7wTke0qYARkG27RcvN4cmtXjM8FJGuTqLoYkKQLQGsPpL6-h_pwgeEHSm4L4ilVocOmISRmJ3ovxCgnawCMx07MNnPWNYK7iHXL_NEtxpA2d5aZ51UNZOkbmOhcL2HKYzneW4_jKSLFlkM5fL5OnEQDMv2jyN9641nH44YUX8WrJtbBlBYi57dDjE2TGuyCFV_-FNZ4R1fCaOwqtR81QuHE.cOW_bdv3OLS_NN7GFLf3f5R0GSZIIvefZLlYLdAfzYU&dib_tag=se&keywords=pencil&qid=1762499072&sprefix=pencil%2Caps%2C306&sr=8-11
Nataraj Wooden Picture Pencils (Pack Of 50 Pencils 5 Sharpener Free),4.0,205,"Thu, 13 Nov",https://www.amazon.in/Nataraj-Wooden-Picture-Pencils-Sharpener/dp/B079M5SS8Y/ref=sr_1_12?crid=1H4S2TTFDRQBB&dib=eyJ2IjoiMSJ9.DPV4CKjBskvF4b82ogpSjvSC34ccoVyLUSGdwaf6XdXv1KNdw_59uTb9JiIDJsxKaBeXlaRTE7kXlH8Vve_s7wTke0qYARkG27RcvN4cmtXjM8FJGuTqLoYkKQLQGsPpL6-h_pwgeEHSm4L4ilVocOmISRmJ3ovxCgnawCMx07MNnPWNYK7iHXL_NEtxpA2d5aZ51UNZOkbmOhcL2HKYzneW4_jKSLFlkM5fL5OnEQDMv2jyN9641nH44YUX8WrJtbBlBYi57dDjE2TGuyCFV_-FNZ4R1fCaOwqtR81QuHE.cOW_bdv3OLS_NN7GFLf3f5R0GSZIIvefZLlYLdAfzYU&dib_tag=se&keywords=pencil&qid=1762499072&sprefix=pencil%2Caps%2C306&sr=8-12
DOMS Neon R/T Pencil 50 Pcs Pencil Sipper,4.3,270,"Sun, 9 Nov",https://www.amazon.in/DOMS-NEON-PENCIL-PCS-SIPPER/dp/B0CS9P8S6D/ref=sr_1_13?crid=1H4S2TTFDRQBB&dib=eyJ2IjoiMSJ9.DPV4CKjBskvF4b82ogpSjvSC34ccoVyLUSGdwaf6XdXv1KNdw_59uTb9JiIDJsxKaBeXlaRTE7kXlH8Vve_s7wTke0qYARkG27RcvN4cmtXjM8FJGuTqLoYkKQLQGsPpL6-h_pwgeEHSm4L4ilVocOmISRmJ3ovxCgnawCMx07MNnPWNYK7iHXL_NEtxpA2d5aZ51UNZOkbmOhcL2HKYzneW4_jKSLFlkM5fL5OnEQDMv2jyN9641nH44YUX8WrJtbBlBYi57dDjE2TGuyCFV_-FNZ4R1fCaOwqtR81QuHE.cOW_bdv3OLS_NN7GFLf3f5R0GSZIIvefZLlYLdAfzYU&dib_tag=se&keywords=pencil&qid=1762499072&sprefix=pencil%2Caps%2C306&sr=8-13
BRUSTRO Mechanical Pencil Set,4.3,169,"Wed, 12 Nov",https://www.amazon.in/BRUSTRO-Mechanical-Writing-Sketching-Drawing/dp/B0CFDTW992/ref=sr_1_14?crid=1H4S2TTFDRQBB&dib=eyJ2IjoiMSJ9.DPV4CKjBskvF4b82ogpSjvSC34ccoVyLUSGdwaf6XdXv1KNdw_59uTb9JiIDJsxKaBeXlaRTE7kXlH8Vve_s7wTke0qYARkG27RcvN4cmtXjM8FJGuTqLoYkKQLQGsPpL6-h_pwgeEHSm4L4ilVocOmISRmJ3ovxCgnawCMx07MNnPWNYK7iHXL_NEtxpA2d5aZ51UNZOkbmOhcL2HKYzneW4_jKSLFlkM5fL5OnEQDMv2jyN9641nH44YUX8WrJtbBlBYi57dDjE2TGuyCFV_-FNZ4R1fCaOwqtR81QuHE.cOW_bdv3OLS_NN7GFLf3f5R0GSZIIvefZLlYLdAfzYU&dib_tag=se&keywords=pencil&qid=1762499072&sprefix=pencil%2Caps%2C306&sr=8-14
Apsara Platinum Extra Dark Pencils - Pack of 10,4.4,60,TBA,https://www.amazon.in/Apsara-Platinum-Extra-Dark-Pencils/dp/B006QAWHTK/ref=sr_1_15?crid=1H4S2TTFDRQBB&dib=eyJ2IjoiMSJ9.DPV4CKjBskvF4b82ogpSjvSC34ccoVyLUSGdwaf6XdXv1KNdw_59uTb9JiIDJsxKaBeXlaRTE7kXlH8Vve_s7wTke0qYARkG27RcvN4cmtXjM8FJGuTqLoYkKQLQGsPpL6-h_pwgeEHSm4L4ilVocOmISRmJ3ovxCgnawCMx07MNnPWNYK7iHXL_NEtxpA2d5aZ51UNZOkbmOhcL2HKYzneW4_jKSLFlkM5fL5OnEQDMv2jyN9641nH44YUX8WrJtbBlBYi57dDjE2TGuyCFV_-FNZ4R1fCaOwqtR81QuHE.cOW_bdv3OLS_NN7GFLf3f5R0GSZIIvefZLlYLdAfzYU&dib_tag=se&keywords=pencil&qid=1762499072&sprefix=pencil%2Caps%2C306&sr=8-15
Apsara Platinum Pencils Rubber Tip,4.4,54,"Fri, 14 Nov",https://www.amazon.in/Apsara-Hexagonal-Sharpening-Handwriting-Sharpener/dp/B0C2YNFXL1/ref=sr_1_16?crid=1H4S2TTFDRQBB&dib=eyJ2IjoiMSJ9.DPV4CKjBskvF4b82ogpSjvSC34ccoVyLUSGdwaf6XdXv1KNdw_59uTb9JiIDJsxKaBeXlaRTE7kXlH8Vve_s7wTke0qYARkG27RcvN4cmtXjM8FJGuTqLoYkKQLQGsPpL6-h_pwgeEHSm4L4ilVocOmISRmJ3ovxCgnawCMx07MNnPWNYK7iHXL_NEtxpA2d5aZ51UNZOkbmOhcL2HKYzneW4_jKSLFlkM5fL5OnEQDMv2jyN9641nH44YUX8WrJtbBlBYi57dDjE2TGuyCFV_-FNZ4R1fCaOwqtR81QuHE.cOW_bdv3OLS_NN7GFLf3f5R0GSZIIvefZLlYLdAfzYU&dib_tag=se&keywords=pencil&qid=1762499072&sprefix=pencil%2Caps%2C306&sr=8-16
Apsara Avengers Extra Dark Pencil,4.4,99,"Sun, 9 Nov",https://www.amazon.in/Apsara-Marvel-Avengers-Extra-Pencils/dp/B07CZMPXBM/ref=sr_1_17?crid=1H4S2TTFDRQBB&dib=eyJ2IjoiMSJ9.DPV4CKjBskvF4b82ogpSjvSC34ccoVyLUSGdwaf6XdXv1KNdw_59uTb9JiIDJsxKaBeXlaRTE7kXlH8Vve_s7wTke0qYARkG27RcvN4cmtXjM8FJGuTqLoYkKQLQGsPpL6-h_pwgeEHSm4L4ilVocOmISRmJ3ovxCgnawCMx07MNnPWNYK7iHXL_NEtxpA2d5aZ51UNZOkbmOhcL2HKYzneW4_jKSLFlkM5fL5OnEQDMv2jyN9641nH44YUX8WrJtbBlBYi57dDjE2TGuyCFV_-FNZ4R1fCaOwqtR81QuHE.cOW_bdv3OLS_NN7GFLf3f5R0GSZIIvefZLlYLdAfzYU&dib_tag=se&keywords=pencil&qid=1762499072&sprefix=pencil%2Caps%2C306&sr=8-17
Faber-Castell 30 Trenz Pencils Jar – Ergonomic Triangular Grip,3.9,181,"Sun, 9 Nov",https://www.amazon.in/Faber-Castell-30-Trenz-Pencils-Jar/dp/B0CYMGYC7D/ref=sr_1_18?crid=1H4S2TTFDRQBB&dib=eyJ2IjoiMSJ9.DPV4CKjBskvF4b82ogpSjvSC34ccoVyLUSGdwaf6XdXv1KNdw_59uTb9JiIDJsxKaBeXlaRTE7kXlH8Vve_s7wTke0qYARkG27RcvN4cmtXjM8FJGuTqLoYkKQLQGsPpL6-h_pwgeEHSm4L4ilVocOmISRmJ3ovxCgnawCMx07MNnPWNYK7iHXL_NEtxpA2d5aZ51UNZOkbmOhcL2HKYzneW4_jKSLFlkM5fL5OnEQDMv2jyN9641nH44YUX8WrJtbBlBYi57dDjE2TGuyCFV_-FNZ4R1fCaOwqtR81QuHE.cOW_bdv3OLS_NN7GFLf3f5R0GSZIIvefZLlYLdAfzYU&dib_tag=se&keywords=pencil&qid=1762499072&sprefix=pencil%2Caps%2C306&sr=8-18
Doms Groove Super Dark HB/2 Graphite Pencils Jar Pack,4.2,300,"Wed, 12 Nov",https://www.amazon.in/Doms-Graphite-Pencils-Innovative-Sketching/dp/B0BVFQ56W1/ref=sr_1_19?crid=1H4S2TTFDRQBB&dib=eyJ2IjoiMSJ9.DPV4CKjBskvF4b82ogpSjvSC34ccoVyLUSGdwaf6XdXv1KNdw_59uTb9JiIDJsxKaBeXlaRTE7kXlH8Vve_s7wTke0qYARkG27RcvN4cmtXjM8FJGuTqLoYkKQLQGsPpL6-h_pwgeEHSm4L4ilVocOmISRmJ3ovxCgnawCMx07MNnPWNYK7iHXL_NEtxpA2d5aZ51UNZOkbmOhcL2HKYzneW4_jKSLFlkM5fL5OnEQDMv2jyN9641nH44YUX8WrJtbBlBYi57dDjE2TGuyCFV_-FNZ4R1fCaOwqtR81QuHE.cOW_bdv3OLS_NN7GFLf3f5R0GSZIIvefZLlYLdAfzYU&dib_tag=se&keywords=pencil&qid=1762499072&sprefix=pencil%2Caps%2C306&sr=8-19
FunBlast Mechanical Pencils with Sharpener for Kid – Pre-Sharpened Pencils for Kid,4.3,180,"Sun, 9 Nov",https://www.amazon.in/FunBlast-Mechanical-Pencil-Sharpener-Kids/dp/B0BS6X1J4W/ref=sr_1_20?crid=1H4S2TTFDRQBB&dib=eyJ2IjoiMSJ9.DPV4CKjBskvF4b82ogpSjvSC34ccoVyLUSGdwaf6XdXv1KNdw_59uTb9JiIDJsxKaBeXlaRTE7kXlH8Vve_s7wTke0qYARkG27RcvN4cmtXjM8FJGuTqLoYkKQLQGsPpL6-h_pwgeEHSm4L4ilVocOmISRmJ3ovxCgnawCMx07MNnPWNYK7iHXL_NEtxpA2d5aZ51UNZOkbmOhcL2HKYzneW4_jKSLFlkM5fL5OnEQDMv2jyN9641nH44YUX8WrJtbBlBYi57dDjE2TGuyCFV_-FNZ4R1fCaOwqtR81QuHE.cOW_bdv3OLS_NN7GFLf3f5R0GSZIIvefZLlYLdAfzYU&dib_tag=se&keywords=pencil&qid=1762499072&sprefix=pencil%2Caps%2C306&sr=8-20
HAMSTER London Scented Pencils for Girls,3.1,250,"Mon, 10 Nov",https://www.amazon.in/sspa/click?ie=UTF8&spc=MTo1MjAxMzE0OTE1NTI1MzE2OjE3NjI0OTkwNzI6c3BfbXRmOjMwMDc2NzU0Nzg1MjAzMjo6MDo6&url=%2FHamster-London-Scented-Pencils-Writing%2Fdp%2FB07V6GGFD5%2Fref%3Dsr_1_21_sspa%3Fcrid%3D1H4S2TTFDRQBB%26dib%3DeyJ2IjoiMSJ9.DPV4CKjBskvF4b82ogpSjvSC34ccoVyLUSGdwaf6XdXv1KNdw_59uTb9JiIDJsxKaBeXlaRTE7kXlH8Vve_s7wTke0qYARkG27RcvN4cmtXjM8FJGuTqLoYkKQLQGsPpL6-h_pwgeEHSm4L4ilVocOmISRmJ3ovxCgnawCMx07MNnPWNYK7iHXL_NEtxpA2d5aZ51UNZOkbmOhcL2HKYzneW4_jKSLFlkM5fL5OnEQDMv2jyN9641nH44YUX8WrJtbBlBYi57dDjE2TGuyCFV_-FNZ4R1fCaOwqtR81QuHE.cOW_bdv3OLS_NN7GFLf3f5R0GSZIIvefZLlYLdAfzYU%26dib_tag%3Dse%26keywords%3Dpencil%26qid%3D1762499072%26sprefix%3Dpencil%252Caps%252C306%26sr%3D8-21-spons%26sp_csd%3Dd2lkZ2V0TmFtZT1zcF9tdGY%26psc%3D1&aref=hKaM5xEFmK&sp_cr=ZAZ
PLUSPOINT 26 Pieces Unicorn Pencils for Girls,4.4,330,"Thu, 13 Nov",https://www.amazon.in/sspa/click?ie=UTF8&spc=MTo1MjAxMzE0OTE1NTI1MzE2OjE3NjI0OTkwNzI6c3BfbXRmOjMwMDcyNjY0MTkzMDIzMjo6MDo6&url=%2FPLUSPOINT-Colorful-Sharpener-Supplies-Classroom%2Fdp%2FB0CSXCV6XR%2Fref%3Dsr_1_22_sspa%3Fcrid%3D1H4S2TTFDRQBB%26dib%3DeyJ2IjoiMSJ9.DPV4CKjBskvF4b82ogpSjvSC34ccoVyLUSGdwaf6XdXv1KNdw_59uTb9JiIDJsxKaBeXlaRTE7kXlH8Vve_s7wTke0qYARkG27RcvN4cmtXjM8FJGuTqLoYkKQLQGsPpL6-h_pwgeEHSm4L4ilVocOmISRmJ3ovxCgnawCMx07MNnPWNYK7iHXL_NEtxpA2d5aZ51UNZOkbmOhcL2HKYzneW4_jKSLFlkM5fL5OnEQDMv2jyN9641nH44YUX8WrJtbBlBYi57dDjE2TGuyCFV_-FNZ4R1fCaOwqtR81QuHE.cOW_bdv3OLS_NN7GFLf3f5R0GSZIIvefZLlYLdAfzYU%26dib_tag%3Dse%26keywords%3Dpencil%26qid%3D1762499072%26sprefix%3Dpencil%252Caps%252C306%26sr%3D8-22-spons%26sp_csd%3Dd2lkZ2V0TmFtZT1zcF9tdGY%26psc%3D1&aref=AYhk2Gndz0&sp_cr=ZAZ
Sow and Grow Plantable Pencils (Pack Of 10 Single Pencils) Made With 100% Recycled Paper,4.4,269,"Fri, 21 Nov",https://www.amazon.in/sspa/click?ie=UTF8&spc=MTo1MjAxMzE0OTE1NTI1MzE2OjE3NjI0OTkwNzI6c3BfbXRmOjMwMDUyOTEwNjUyMTczMjo6MDo6&url=%2FSow-Grow-Plantable-Recycled-Corporate%2Fdp%2FB0881JZ1HT%2Fref%3Dsr_1_23_sspa%3Fcrid%3D1H4S2TTFDRQBB%26dib%3DeyJ2IjoiMSJ9.DPV4CKjBskvF4b82ogpSjvSC34ccoVyLUSGdwaf6XdXv1KNdw_59uTb9JiIDJsxKaBeXlaRTE7kXlH8Vve_s7wTke0qYARkG27RcvN4cmtXjM8FJGuTqLoYkKQLQGsPpL6-h_pwgeEHSm4L4ilVocOmISRmJ3ovxCgnawCMx07MNnPWNYK7iHXL_NEtxpA2d5aZ51UNZOkbmOhcL2HKYzneW4_jKSLFlkM5fL5OnEQDMv2jyN9641nH44YUX8WrJtbBlBYi57dDjE2TGuyCFV_-FNZ4R1fCaOwqtR81QuHE.cOW_bdv3OLS_NN7GFLf3f5R0GSZIIvefZLlYLdAfzYU%26dib_tag%3Dse%26keywords%3Dpencil%26qid%3D1762499072%26sprefix%3Dpencil%252Caps%252C306%26sr%3D8-23-spons%26sp_csd%3Dd2lkZ2V0TmFtZT1zcF9tdGY%26psc%3D1&aref=fEumz0yG8A&sp_cr=ZAZ
Levin Everlasting Pencil Infinite,3.0,160,"Wed, 12 Nov",https://www.amazon.in/sspa/click?ie=UTF8&spc=MTo1MjAxMzE0OTE1NTI1MzE2OjE3NjI0OTkwNzI6c3BfbXRmOjMwMDM3NzAzNzI4MTQzMjo6MDo6&url=%2FLevin-Everlasting-Infinite-Infinity-Inkless%2Fdp%2FB0C4V7NZTZ%2Fref%3Dsr_1_24_sspa%3Fcrid%3D1H4S2TTFDRQBB%26dib%3DeyJ2IjoiMSJ9.DPV4CKjBskvF4b82ogpSjvSC34ccoVyLUSGdwaf6XdXv1KNdw_59uTb9JiIDJsxKaBeXlaRTE7kXlH8Vve_s7wTke0qYARkG27RcvN4cmtXjM8FJGuTqLoYkKQLQGsPpL6-h_pwgeEHSm4L4ilVocOmISRmJ3ovxCgnawCMx07MNnPWNYK7iHXL_NEtxpA2d5aZ51UNZOkbmOhcL2HKYzneW4_jKSLFlkM5fL5OnEQDMv2jyN9641nH44YUX8WrJtbBlBYi57dDjE2TGuyCFV_-FNZ4R1fCaOwqtR81QuHE.cOW_bdv3OLS_NN7GFLf3f5R0GSZIIvefZLlYLdAfzYU%26dib_tag%3Dse%26keywords%3Dpencil%26qid%3D1762499072%26sprefix%3Dpencil%252Caps%252C306%26sr%3D8-24-spons%26sp_csd%3Dd2lkZ2V0TmFtZT1zcF9tdGY%26psc%3D1&aref=7nw0GnzpH1&sp_cr=ZAZ
BRUSTRO Mechanical Pencil Set,4.3,178,"Mon, 10 Nov",https://www.amazon.in/BRUSTRO-Mechanical-Writing-Sketching-Drawing/dp/B0CCDZPSSB/ref=sr_1_25?crid=1H4S2TTFDRQBB&dib=eyJ2IjoiMSJ9.DPV4CKjBskvF4b82ogpSjvSC34ccoVyLUSGdwaf6XdXv1KNdw_59uTb9JiIDJsxKaBeXlaRTE7kXlH8Vve_s7wTke0qYARkG27RcvN4cmtXjM8FJGuTqLoYkKQLQGsPpL6-h_pwgeEHSm4L4ilVocOmISRmJ3ovxCgnawCMx07MNnPWNYK7iHXL_NEtxpA2d5aZ51UNZOkbmOhcL2HKYzneW4_jKSLFlkM5fL5OnEQDMv2jyN9641nH44YUX8WrJtbBlBYi57dDjE2TGuyCFV_-FNZ4R1fCaOwqtR81QuHE.cOW_bdv3OLS_NN7GFLf3f5R0GSZIIvefZLlYLdAfzYU&dib_tag=se&keywords=pencil&qid=1762499072&sprefix=pencil%2Caps%2C306&sr=8-25
Doms Neon Rubber Tipped HB/2 Graphite Pencil Jar Pack,4.2,180,"Mon, 10 Nov",https://www.amazon.in/Rubber-Graphite-Contains-Pencils-Sharpener/dp/B09LM313QN/ref=sr_1_26?crid=1H4S2TTFDRQBB&dib=eyJ2IjoiMSJ9.DPV4CKjBskvF4b82ogpSjvSC34ccoVyLUSGdwaf6XdXv1KNdw_59uTb9JiIDJsxKaBeXlaRTE7kXlH8Vve_s7wTke0qYARkG27RcvN4cmtXjM8FJGuTqLoYkKQLQGsPpL6-h_pwgeEHSm4L4ilVocOmISRmJ3ovxCgnawCMx07MNnPWNYK7iHXL_NEtxpA2d5aZ51UNZOkbmOhcL2HKYzneW4_jKSLFlkM5fL5OnEQDMv2jyN9641nH44YUX8WrJtbBlBYi57dDjE2TGuyCFV_-FNZ4R1fCaOwqtR81QuHE.cOW_bdv3OLS_NN7GFLf3f5R0GSZIIvefZLlYLdAfzYU&dib_tag=se&keywords=pencil&qid=1762499072&sprefix=pencil%2Caps%2C306&sr=8-26
Nataraj 621 Pencil Jar - Pack of 50,4.2,170,"Mon, 17 Nov",https://www.amazon.in/Nataraj-621-Pencil-Jar-Pack/dp/B074V6YWP8/ref=sr_1_27?crid=1H4S2TTFDRQBB&dib=eyJ2IjoiMSJ9.DPV4CKjBskvF4b82ogpSjvSC34ccoVyLUSGdwaf6XdXv1KNdw_59uTb9JiIDJsxKaBeXlaRTE7kXlH8Vve_s7wTke0qYARkG27RcvN4cmtXjM8FJGuTqLoYkKQLQGsPpL6-h_pwgeEHSm4L4ilVocOmISRmJ3ovxCgnawCMx07MNnPWNYK7iHXL_NEtxpA2d5aZ51UNZOkbmOhcL2HKYzneW4_jKSLFlkM5fL5OnEQDMv2jyN9641nH44YUX8WrJtbBlBYi57dDjE2TGuyCFV_-FNZ4R1fCaOwqtR81QuHE.cOW_bdv3OLS_NN7GFLf3f5R0GSZIIvefZLlYLdAfzYU&dib_tag=se&keywords=pencil&qid=1762499072&sprefix=pencil%2Caps%2C306&sr=8-27
FLAIR Creative Series Aero Pencil Smart Kit,4.3,135,"Sun, 9 Nov",https://www.amazon.in/FLAIR-Colourful-Designing-Available-Multicolor/dp/B0BKVX9835/ref=sr_1_28?crid=1H4S2TTFDRQBB&dib=eyJ2IjoiMSJ9.DPV4CKjBskvF4b82ogpSjvSC34ccoVyLUSGdwaf6XdXv1KNdw_59uTb9JiIDJsxKaBeXlaRTE7kXlH8Vve_s7wTke0qYARkG27RcvN4cmtXjM8FJGuTqLoYkKQLQGsPpL6-h_pwgeEHSm4L4ilVocOmISRmJ3ovxCgnawCMx07MNnPWNYK7iHXL_NEtxpA2d5aZ51UNZOkbmOhcL2HKYzneW4_jKSLFlkM5fL5OnEQDMv2jyN9641nH44YUX8WrJtbBlBYi57dDjE2TGuyCFV_-FNZ4R1fCaOwqtR81QuHE.cOW_bdv3OLS_NN7GFLf3f5R0GSZIIvefZLlYLdAfzYU&dib_tag=se&keywords=pencil&qid=1762499072&sprefix=pencil%2Caps%2C306&sr=8-28
BRUSTRO Artist's Graphite Pencil set,4.5,111,"Mon, 10 Nov",https://www.amazon.in/BRUSTRO-Sharpened-Lightweight-Break-resistant-Professional/dp/B0BTT4FPD8/ref=sr_1_29?crid=1H4S2TTFDRQBB&dib=eyJ2IjoiMSJ9.DPV4CKjBskvF4b82ogpSjvSC34ccoVyLUSGdwaf6XdXv1KNdw_59uTb9JiIDJsxKaBeXlaRTE7kXlH8Vve_s7wTke0qYARkG27RcvN4cmtXjM8FJGuTqLoYkKQLQGsPpL6-h_pwgeEHSm4L4ilVocOmISRmJ3ovxCgnawCMx07MNnPWNYK7iHXL_NEtxpA2d5aZ51UNZOkbmOhcL2HKYzneW4_jKSLFlkM5fL5OnEQDMv2jyN9641nH44YUX8WrJtbBlBYi57dDjE2TGuyCFV_-FNZ4R1fCaOwqtR81QuHE.cOW_bdv3OLS_NN7GFLf3f5R0GSZIIvefZLlYLdAfzYU&dib_tag=se&keywords=pencil&qid=1762499072&sprefix=pencil%2Caps%2C306&sr=8-29
uni-ball Kuru Toga M5-450T 0.5mm Mechanical Pencil,4.2,200,"Mon, 10 Nov",https://www.amazon.in/Uniball-M5-450T-Mechanical-Auto-Rotating-Replaceable/dp/B0BX941WY9/ref=sr_1_30?crid=1H4S2TTFDRQBB&dib=eyJ2IjoiMSJ9.DPV4CKjBskvF4b82ogpSjvSC34ccoVyLUSGdwaf6XdXv1KNdw_59uTb9JiIDJsxKaBeXlaRTE7kXlH8Vve_s7wTke0qYARkG27RcvN4cmtXjM8FJGuTqLoYkKQLQGsPpL6-h_pwgeEHSm4L4ilVocOmISRmJ3ovxCgnawCMx07MNnPWNYK7iHXL_NEtxpA2d5aZ51UNZOkbmOhcL2HKYzneW4_jKSLFlkM5fL5OnEQDMv2jyN9641nH44YUX8WrJtbBlBYi57dDjE2TGuyCFV_-FNZ4R1fCaOwqtR81QuHE.cOW_bdv3OLS_NN7GFLf3f5R0GSZIIvefZLlYLdAfzYU&dib_tag=se&keywords=pencil&qid=1762499072&sprefix=pencil%2Caps%2C306&sr=8-30
Apsara Platinum Pencil Jar,4.5,300,"Tue, 11 Nov",https://www.amazon.in/Apsara-Platinum-Sharpening-Convenient-Professionals/dp/B0CKXTZ4GS/ref=sr_1_31?crid=1H4S2TTFDRQBB&dib=eyJ2IjoiMSJ9.DPV4CKjBskvF4b82ogpSjvSC34ccoVyLUSGdwaf6XdXv1KNdw_59uTb9JiIDJsxKaBeXlaRTE7kXlH8Vve_s7wTke0qYARkG27RcvN4cmtXjM8FJGuTqLoYkKQLQGsPpL6-h_pwgeEHSm4L4ilVocOmISRmJ3ovxCgnawCMx07MNnPWNYK7iHXL_NEtxpA2d5aZ51UNZOkbmOhcL2HKYzneW4_jKSLFlkM5fL5OnEQDMv2jyN9641nH44YUX8WrJtbBlBYi57dDjE2TGuyCFV_-FNZ4R1fCaOwqtR81QuHE.cOW_bdv3OLS_NN7GFLf3f5R0GSZIIvefZLlYLdAfzYU&dib_tag=se&keywords=pencil&qid=1762499072&sprefix=pencil%2Caps%2C306&sr=8-31
Apsara Zesta Scented Pencils,4.4,195,"Mon, 17 Nov",https://www.amazon.in/Apsara-Tropical-Peppermint-Fragrances-Attached/dp/B0D5YN4T8S/ref=sr_1_32?crid=1H4S2TTFDRQBB&dib=eyJ2IjoiMSJ9.DPV4CKjBskvF4b82ogpSjvSC34ccoVyLUSGdwaf6XdXv1KNdw_59uTb9JiIDJsxKaBeXlaRTE7kXlH8Vve_s7wTke0qYARkG27RcvN4cmtXjM8FJGuTqLoYkKQLQGsPpL6-h_pwgeEHSm4L4ilVocOmISRmJ3ovxCgnawCMx07MNnPWNYK7iHXL_NEtxpA2d5aZ51UNZOkbmOhcL2HKYzneW4_jKSLFlkM5fL5OnEQDMv2jyN9641nH44YUX8WrJtbBlBYi57dDjE2TGuyCFV_-FNZ4R1fCaOwqtR81QuHE.cOW_bdv3OLS_NN7GFLf3f5R0GSZIIvefZLlYLdAfzYU&dib_tag=se&keywords=pencil&qid=1762499072&sprefix=pencil%2Caps%2C306&sr=8-32
Doms Zoom Ultimate Dark Pencil Box Pack,4.4,180,"Sun, 9 Nov",https://www.amazon.in/Doms-ultimate-dark-triangle-pencil/dp/B07D633GGZ/ref=sr_1_33?crid=1H4S2TTFDRQBB&dib=eyJ2IjoiMSJ9.DPV4CKjBskvF4b82ogpSjvSC34ccoVyLUSGdwaf6XdXv1KNdw_59uTb9JiIDJsxKaBeXlaRTE7kXlH8Vve_s7wTke0qYARkG27RcvN4cmtXjM8FJGuTqLoYkKQLQGsPpL6-h_pwgeEHSm4L4ilVocOmISRmJ3ovxCgnawCMx07MNnPWNYK7iHXL_NEtxpA2d5aZ51UNZOkbmOhcL2HKYzneW4_jKSLFlkM5fL5OnEQDMv2jyN9641nH44YUX8WrJtbBlBYi57dDjE2TGuyCFV_-FNZ4R1fCaOwqtR81QuHE.cOW_bdv3OLS_NN7GFLf3f5R0GSZIIvefZLlYLdAfzYU&dib_tag=se&keywords=pencil&qid=1762499072&sprefix=pencil%2Caps%2C306&sr=8-33
DOMS 24 Shades Super Soft Color Pencils Flat Tin Box,4.5,250,"Sun, 9 Nov",https://www.amazon.in/Doms-Application-Experimenting-Different-Non-Toxic/dp/B071NP8F9J/ref=sr_1_34?crid=1H4S2TTFDRQBB&dib=eyJ2IjoiMSJ9.DPV4CKjBskvF4b82ogpSjvSC34ccoVyLUSGdwaf6XdXv1KNdw_59uTb9JiIDJsxKaBeXlaRTE7kXlH8Vve_s7wTke0qYARkG27RcvN4cmtXjM8FJGuTqLoYkKQLQGsPpL6-h_pwgeEHSm4L4ilVocOmISRmJ3ovxCgnawCMx07MNnPWNYK7iHXL_NEtxpA2d5aZ51UNZOkbmOhcL2HKYzneW4_jKSLFlkM5fL5OnEQDMv2jyN9641nH44YUX8WrJtbBlBYi57dDjE2TGuyCFV_-FNZ4R1fCaOwqtR81QuHE.cOW_bdv3OLS_NN7GFLf3f5R0GSZIIvefZLlYLdAfzYU&dib_tag=se&keywords=pencil&qid=1762499072&sprefix=pencil%2Caps%2C306&sr=8-34
MAPED Essential Writing Kit-Pack Of 20,4.5,485,"Sun, 9 Nov",https://www.amazon.in/Essential-Kit-Pack-2Pencils-Sharpener-Stationery/dp/B0D4QYMLBJ/ref=sr_1_35?crid=1H4S2TTFDRQBB&dib=eyJ2IjoiMSJ9.DPV4CKjBskvF4b82ogpSjvSC34ccoVyLUSGdwaf6XdXv1KNdw_59uTb9JiIDJsxKaBeXlaRTE7kXlH8Vve_s7wTke0qYARkG27RcvN4cmtXjM8FJGuTqLoYkKQLQGsPpL6-h_pwgeEHSm4L4ilVocOmISRmJ3ovxCgnawCMx07MNnPWNYK7iHXL_NEtxpA2d5aZ51UNZOkbmOhcL2HKYzneW4_jKSLFlkM5fL5OnEQDMv2jyN9641nH44YUX8WrJtbBlBYi57dDjE2TGuyCFV_-FNZ4R1fCaOwqtR81QuHE.cOW_bdv3OLS_NN7GFLf3f5R0GSZIIvefZLlYLdAfzYU&dib_tag=se&keywords=pencil&qid=1762499072&sprefix=pencil%2Caps%2C306&sr=8-35
Apsara Premium Scholar Kit,4.4,149,"Sun, 9 Nov",https://www.amazon.in/Apsara-Writing-Instruments-and-Accessories/dp/B074V79GV9/ref=sr_1_36?crid=1H4S2TTFDRQBB&dib=eyJ2IjoiMSJ9.DPV4CKjBskvF4b82ogpSjvSC34ccoVyLUSGdwaf6XdXv1KNdw_59uTb9JiIDJsxKaBeXlaRTE7kXlH8Vve_s7wTke0qYARkG27RcvN4cmtXjM8FJGuTqLoYkKQLQGsPpL6-h_pwgeEHSm4L4ilVocOmISRmJ3ovxCgnawCMx07MNnPWNYK7iHXL_NEtxpA2d5aZ51UNZOkbmOhcL2HKYzneW4_jKSLFlkM5fL5OnEQDMv2jyN9641nH44YUX8WrJtbBlBYi57dDjE2TGuyCFV_-FNZ4R1fCaOwqtR81QuHE.cOW_bdv3OLS_NN7GFLf3f5R0GSZIIvefZLlYLdAfzYU&dib_tag=se&keywords=pencil&qid=1762499072&sprefix=pencil%2Caps%2C306&sr=8-36
YOUVA Navneet Stallion Pencil With Eraser Tip For Students And Professionals,4.3,142,"Sun, 9 Nov",https://www.amazon.in/Navneet-Youva-Stallion-Students-Professionals/dp/B00UTJG63C/ref=sr_1_37?crid=1H4S2TTFDRQBB&dib=eyJ2IjoiMSJ9.DPV4CKjBskvF4b82ogpSjvSC34ccoVyLUSGdwaf6XdXv1KNdw_59uTb9JiIDJsxKaBeXlaRTE7kXlH8Vve_s7wTke0qYARkG27RcvN4cmtXjM8FJGuTqLoYkKQLQGsPpL6-h_pwgeEHSm4L4ilVocOmISRmJ3ovxCgnawCMx07MNnPWNYK7iHXL_NEtxpA2d5aZ51UNZOkbmOhcL2HKYzneW4_jKSLFlkM5fL5OnEQDMv2jyN9641nH44YUX8WrJtbBlBYi57dDjE2TGuyCFV_-FNZ4R1fCaOwqtR81QuHE.cOW_bdv3OLS_NN7GFLf3f5R0GSZIIvefZLlYLdAfzYU&dib_tag=se&keywords=pencil&qid=1762499072&sprefix=pencil%2Caps%2C306&sr=8-37
Artline Black Beauty Ultra Dark & Smooth Writing Pencil,4.3,160,"Mon, 10 Nov",https://www.amazon.in/Artline-Black-Beauty-Ultra-Pencil/dp/B08CHMBJQ8/ref=sr_1_38?crid=1H4S2TTFDRQBB&dib=eyJ2IjoiMSJ9.DPV4CKjBskvF4b82ogpSjvSC34ccoVyLUSGdwaf6XdXv1KNdw_59uTb9JiIDJsxKaBeXlaRTE7kXlH8Vve_s7wTke0qYARkG27RcvN4cmtXjM8FJGuTqLoYkKQLQGsPpL6-h_pwgeEHSm4L4ilVocOmISRmJ3ovxCgnawCMx07MNnPWNYK7iHXL_NEtxpA2d5aZ51UNZOkbmOhcL2HKYzneW4_jKSLFlkM5fL5OnEQDMv2jyN9641nH44YUX8WrJtbBlBYi57dDjE2TGuyCFV_-FNZ4R1fCaOwqtR81QuHE.cOW_bdv3OLS_NN7GFLf3f5R0GSZIIvefZLlYLdAfzYU&dib_tag=se&keywords=pencil&qid=1762499072&sprefix=pencil%2Caps%2C306&sr=8-38
Wynhard 12 Colors Rainbow Pencils for Kids Adults,4.5,248,"Sun, 9 Nov",https://www.amazon.in/Wynhard-Rainbow-Supplies-Coloring-Sketching/dp/B0FF9Z8FBK/ref=sr_1_39?crid=1H4S2TTFDRQBB&dib=eyJ2IjoiMSJ9.DPV4CKjBskvF4b82ogpSjvSC34ccoVyLUSGdwaf6XdXv1KNdw_59uTb9JiIDJsxKaBeXlaRTE7kXlH8Vve_s7wTke0qYARkG27RcvN4cmtXjM8FJGuTqLoYkKQLQGsPpL6-h_pwgeEHSm4L4ilVocOmISRmJ3ovxCgnawCMx07MNnPWNYK7iHXL_NEtxpA2d5aZ51UNZOkbmOhcL2HKYzneW4_jKSLFlkM5fL5OnEQDMv2jyN9641nH44YUX8WrJtbBlBYi57dDjE2TGuyCFV_-FNZ4R1fCaOwqtR81QuHE.cOW_bdv3OLS_NN7GFLf3f5R0GSZIIvefZLlYLdAfzYU&dib_tag=se&keywords=pencil&qid=1762499072&sprefix=pencil%2Caps%2C306&sr=8-39
Toyshine Pack of 30 Pencils Thick Strong Grip Pencils,3.8,349,"Sun, 9 Nov",https://www.amazon.in/Toyshine-Pencils-Suitable-Drafting-Sketching/dp/B0BSN9PM83/ref=sr_1_40?crid=1H4S2TTFDRQBB&dib=eyJ2IjoiMSJ9.DPV4CKjBskvF4b82ogpSjvSC34ccoVyLUSGdwaf6XdXv1KNdw_59uTb9JiIDJsxKaBeXlaRTE7kXlH8Vve_s7wTke0qYARkG27RcvN4cmtXjM8FJGuTqLoYkKQLQGsPpL6-h_pwgeEHSm4L4ilVocOmISRmJ3ovxCgnawCMx07MNnPWNYK7iHXL_NEtxpA2d5aZ51UNZOkbmOhcL2HKYzneW4_jKSLFlkM5fL5OnEQDMv2jyN9641nH44YUX8WrJtbBlBYi57dDjE2TGuyCFV_-FNZ4R1fCaOwqtR81QuHE.cOW_bdv3OLS_NN7GFLf3f5R0GSZIIvefZLlYLdAfzYU&dib_tag=se&keywords=pencil&qid=1762499072&sprefix=pencil%2Caps%2C306&sr=8-40
Staedtler HB Pencil with Eraser Tip - Pack of 12 (Yellow),4.5,228,"Mon, 10 Nov",https://www.amazon.in/Staedtler-HB-Pencil-Eraser-Tip/dp/B002EA5MAC/ref=sr_1_41?crid=1H4S2TTFDRQBB&dib=eyJ2IjoiMSJ9.DPV4CKjBskvF4b82ogpSjvSC34ccoVyLUSGdwaf6XdXv1KNdw_59uTb9JiIDJsxKaBeXlaRTE7kXlH8Vve_s7wTke0qYARkG27RcvN4cmtXjM8FJGuTqLoYkKQLQGsPpL6-h_pwgeEHSm4L4ilVocOmISRmJ3ovxCgnawCMx07MNnPWNYK7iHXL_NEtxpA2d5aZ51UNZOkbmOhcL2HKYzneW4_jKSLFlkM5fL5OnEQDMv2jyN9641nH44YUX8WrJtbBlBYi57dDjE2TGuyCFV_-FNZ4R1fCaOwqtR81QuHE.cOW_bdv3OLS_NN7GFLf3f5R0GSZIIvefZLlYLdAfzYU&dib_tag=se&keywords=pencil&qid=1762499072&sprefix=pencil%2Caps%2C306&sr=8-41
Faber-Castell Triangular Colour Pencil Set – Pack of 24,4.4,149,TBA,https://www.amazon.in/Faber-Castell-Triangular-Colour-Pencils-Assorted/dp/B00ENBQSW6/ref=sr_1_42?crid=1H4S2TTFDRQBB&dib=eyJ2IjoiMSJ9.DPV4CKjBskvF4b82ogpSjvSC34ccoVyLUSGdwaf6XdXv1KNdw_59uTb9JiIDJsxKaBeXlaRTE7kXlH8Vve_s7wTke0qYARkG27RcvN4cmtXjM8FJGuTqLoYkKQLQGsPpL6-h_pwgeEHSm4L4ilVocOmISRmJ3ovxCgnawCMx07MNnPWNYK7iHXL_NEtxpA2d5aZ51UNZOkbmOhcL2HKYzneW4_jKSLFlkM5fL5OnEQDMv2jyN9641nH44YUX8WrJtbBlBYi57dDjE2TGuyCFV_-FNZ4R1fCaOwqtR81QuHE.cOW_bdv3OLS_NN7GFLf3f5R0GSZIIvefZLlYLdAfzYU&dib_tag=se&keywords=pencil&qid=1762499072&sprefix=pencil%2Caps%2C306&sr=8-42
Flair Tuff Mechanical Pencil Blister Pack,4.4,46,Today 3 pm - 6 pm,https://www.amazon.in/FLAIR-Mechanical-Triangular-Light-Weight-Rubberised/dp/B0C2CG4D6F/ref=sr_1_43_f3_0o_fs?crid=1H4S2TTFDRQBB&dib=eyJ2IjoiMSJ9.DPV4CKjBskvF4b82ogpSjvSC34ccoVyLUSGdwaf6XdXv1KNdw_59uTb9JiIDJsxKaBeXlaRTE7kXlH8Vve_s7wTke0qYARkG27RcvN4cmtXjM8FJGuTqLoYkKQLQGsPpL6-h_pwgeEHSm4L4ilVocOmISRmJ3ovxCgnawCMx07MNnPWNYK7iHXL_NEtxpA2d5aZ51UNZOkbmOhcL2HKYzneW4_jKSLFlkM5fL5OnEQDMv2jyN9641nH44YUX8WrJtbBlBYi57dDjE2TGuyCFV_-FNZ4R1fCaOwqtR81QuHE.cOW_bdv3OLS_NN7GFLf3f5R0GSZIIvefZLlYLdAfzYU&dib_tag=se&keywords=pencil&qid=1762499072&sprefix=pencil%2Caps%2C306&sr=8-43
Corslet Sketch Pencils for Drawing,4.4,199,"Sun, 9 Nov",https://www.amazon.in/Corslet-Pencils-Drawing-Graphite-Sketching/dp/B0C6F83DH3/ref=sr_1_44?crid=1H4S2TTFDRQBB&dib=eyJ2IjoiMSJ9.DPV4CKjBskvF4b82ogpSjvSC34ccoVyLUSGdwaf6XdXv1KNdw_59uTb9JiIDJsxKaBeXlaRTE7kXlH8Vve_s7wTke0qYARkG27RcvN4cmtXjM8FJGuTqLoYkKQLQGsPpL6-h_pwgeEHSm4L4ilVocOmISRmJ3ovxCgnawCMx07MNnPWNYK7iHXL_NEtxpA2d5aZ51UNZOkbmOhcL2HKYzneW4_jKSLFlkM5fL5OnEQDMv2jyN9641nH44YUX8WrJtbBlBYi57dDjE2TGuyCFV_-FNZ4R1fCaOwqtR81QuHE.cOW_bdv3OLS_NN7GFLf3f5R0GSZIIvefZLlYLdAfzYU&dib_tag=se&keywords=pencil&qid=1762499072&sprefix=pencil%2Caps%2C306&sr=8-44
BRUSTRO 2 HB Extra Dark Pencil with Eraser Tip,4.3,198,"Sun, 9 Nov",https://www.amazon.in/BRUSTRO-Pencils-Pre-Sharpened-Handwriting-Sketching/dp/B0C6XZN4FG/ref=sr_1_45?crid=1H4S2TTFDRQBB&dib=eyJ2IjoiMSJ9.DPV4CKjBskvF4b82ogpSjvSC34ccoVyLUSGdwaf6XdXv1KNdw_59uTb9JiIDJsxKaBeXlaRTE7kXlH8Vve_s7wTke0qYARkG27RcvN4cmtXjM8FJGuTqLoYkKQLQGsPpL6-h_pwgeEHSm4L4ilVocOmISRmJ3ovxCgnawCMx07MNnPWNYK7iHXL_NEtxpA2d5aZ51UNZOkbmOhcL2HKYzneW4_jKSLFlkM5fL5OnEQDMv2jyN9641nH44YUX8WrJtbBlBYi57dDjE2TGuyCFV_-FNZ4R1fCaOwqtR81QuHE.cOW_bdv3OLS_NN7GFLf3f5R0GSZIIvefZLlYLdAfzYU&dib_tag=se&keywords=pencil&qid=1762499072&sprefix=pencil%2Caps%2C306&sr=8-45
Nataraj 621 Writing Pencil Pack Of - 5 (50 Pencils),4.2,200,"Thu, 13 Nov",https://www.amazon.in/Nataraj-621-Writing-Pencil-Pack/dp/B01M0VSVNV/ref=sr_1_46?crid=1H4S2TTFDRQBB&dib=eyJ2IjoiMSJ9.DPV4CKjBskvF4b82ogpSjvSC34ccoVyLUSGdwaf6XdXv1KNdw_59uTb9JiIDJsxKaBeXlaRTE7kXlH8Vve_s7wTke0qYARkG27RcvN4cmtXjM8FJGuTqLoYkKQLQGsPpL6-h_pwgeEHSm4L4ilVocOmISRmJ3ovxCgnawCMx07MNnPWNYK7iHXL_NEtxpA2d5aZ51UNZOkbmOhcL2HKYzneW4_jKSLFlkM5fL5OnEQDMv2jyN9641nH44YUX8WrJtbBlBYi57dDjE2TGuyCFV_-FNZ4R1fCaOwqtR81QuHE.cOW_bdv3OLS_NN7GFLf3f5R0GSZIIvefZLlYLdAfzYU&dib_tag=se&keywords=pencil&qid=1762499072&sprefix=pencil%2Caps%2C306&sr=8-46
Apsara Drawing Pencils 8B,3.9,100,"Sun, 9 Nov",https://www.amazon.in/Apsara-Impregnated-Smoothness-Sketching-Drafting/dp/B0CL1Y4CJG/ref=sr_1_47?crid=1H4S2TTFDRQBB&dib=eyJ2IjoiMSJ9.DPV4CKjBskvF4b82ogpSjvSC34ccoVyLUSGdwaf6XdXv1KNdw_59uTb9JiIDJsxKaBeXlaRTE7kXlH8Vve_s7wTke0qYARkG27RcvN4cmtXjM8FJGuTqLoYkKQLQGsPpL6-h_pwgeEHSm4L4ilVocOmISRmJ3ovxCgnawCMx07MNnPWNYK7iHXL_NEtxpA2d5aZ51UNZOkbmOhcL2HKYzneW4_jKSLFlkM5fL5OnEQDMv2jyN9641nH44YUX8WrJtbBlBYi57dDjE2TGuyCFV_-FNZ4R1fCaOwqtR81QuHE.cOW_bdv3OLS_NN7GFLf3f5R0GSZIIvefZLlYLdAfzYU&dib_tag=se&keywords=pencil&qid=1762499072&sprefix=pencil%2Caps%2C306&sr=8-47
DOMS Fsc 24 Shades Colour Pencil,4.3,120,"Mon, 10 Nov",https://www.amazon.in/DOMS-Fsc-Shades-Colour-Pencil/dp/B07V7MZB5Q/ref=sr_1_48?crid=1H4S2TTFDRQBB&dib=eyJ2IjoiMSJ9.DPV4CKjBskvF4b82ogpSjvSC34ccoVyLUSGdwaf6XdXv1KNdw_59uTb9JiIDJsxKaBeXlaRTE7kXlH8Vve_s7wTke0qYARkG27RcvN4cmtXjM8FJGuTqLoYkKQLQGsPpL6-h_pwgeEHSm4L4ilVocOmISRmJ3ovxCgnawCMx07MNnPWNYK7iHXL_NEtxpA2d5aZ51UNZOkbmOhcL2HKYzneW4_jKSLFlkM5fL5OnEQDMv2jyN9641nH44YUX8WrJtbBlBYi57dDjE2TGuyCFV_-FNZ4R1fCaOwqtR81QuHE.cOW_bdv3OLS_NN7GFLf3f5R0GSZIIvefZLlYLdAfzYU&dib_tag=se&keywords=pencil&qid=1762499072&sprefix=pencil%2Caps%2C306&sr=8-48
Doms Groove Super Dark Graphite Pencils,4.3,600,"Mon, 10 Nov",https://www.amazon.in/Doms-Graphite-Innovative-Multicoloured-DM8438/dp/B09LM4GP1Z/ref=sr_1_49?crid=1H4S2TTFDRQBB&dib=eyJ2IjoiMSJ9.DPV4CKjBskvF4b82ogpSjvSC34ccoVyLUSGdwaf6XdXv1KNdw_59uTb9JiIDJsxKaBeXlaRTE7kXlH8Vve_s7wTke0qYARkG27RcvN4cmtXjM8FJGuTqLoYkKQLQGsPpL6-h_pwgeEHSm4L4ilVocOmISRmJ3ovxCgnawCMx07MNnPWNYK7iHXL_NEtxpA2d5aZ51UNZOkbmOhcL2HKYzneW4_jKSLFlkM5fL5OnEQDMv2jyN9641nH44YUX8WrJtbBlBYi57dDjE2TGuyCFV_-FNZ4R1fCaOwqtR81QuHE.cOW_bdv3OLS_NN7GFLf3f5R0GSZIIvefZLlYLdAfzYU&dib_tag=se&keywords=pencil&qid=1762499072&sprefix=pencil%2Caps%2C306&sr=8-49
Doms 24 Shades Super Soft Color Pencils Round Tin Box,4.4,157,"Sun, 9 Nov",https://www.amazon.in/Pencils-Application-Blending-Experimenting-Different/dp/B095127MB5/ref=sr_1_50?crid=1H4S2TTFDRQBB&dib=eyJ2IjoiMSJ9.DPV4CKjBskvF4b82ogpSjvSC34ccoVyLUSGdwaf6XdXv1KNdw_59uTb9JiIDJsxKaBeXlaRTE7kXlH8Vve_s7wTke0qYARkG27RcvN4cmtXjM8FJGuTqLoYkKQLQGsPpL6-h_pwgeEHSm4L4ilVocOmISRmJ3ovxCgnawCMx07MNnPWNYK7iHXL_NEtxpA2d5aZ51UNZOkbmOhcL2HKYzneW4_jKSLFlkM5fL5OnEQDMv2jyN9641nH44YUX8WrJtbBlBYi57dDjE2TGuyCFV_-FNZ4R1fCaOwqtR81QuHE.cOW_bdv3OLS_NN7GFLf3f5R0GSZIIvefZLlYLdAfzYU&dib_tag=se&keywords=pencil&qid=1762499072&sprefix=pencil%2Caps%2C306&sr=8-50
DOMS Neon Rubber Tipped HB/2 Graphite Pencils Box Pack,4.4,58,TBA,https://www.amazon.in/Doms-Graphite-Non-Toxic-Sharpner-Sharpening/dp/B07V7MNV1N/ref=sr_1_51?crid=1H4S2TTFDRQBB&dib=eyJ2IjoiMSJ9.DPV4CKjBskvF4b82ogpSjvSC34ccoVyLUSGdwaf6XdXv1KNdw_59uTb9JiIDJsxKaBeXlaRTE7kXlH8Vve_s7wTke0qYARkG27RcvN4cmtXjM8FJGuTqLoYkKQLQGsPpL6-h_pwgeEHSm4L4ilVocOmISRmJ3ovxCgnawCMx07MNnPWNYK7iHXL_NEtxpA2d5aZ51UNZOkbmOhcL2HKYzneW4_jKSLFlkM5fL5OnEQDMv2jyN9641nH44YUX8WrJtbBlBYi57dDjE2TGuyCFV_-FNZ4R1fCaOwqtR81QuHE.cOW_bdv3OLS_NN7GFLf3f5R0GSZIIvefZLlYLdAfzYU&dib_tag=se&keywords=pencil&qid=1762499072&sprefix=pencil%2Caps%2C306&sr=8-51
Staedtler Norica 132 46 Rubber Tip Pencil - Pack Of 12,4.4,204,"Mon, 10 Nov",https://www.amazon.in/Staedtler-Norica-132-46-Rubber/dp/B008FQMBVC/ref=sr_1_52?crid=1H4S2TTFDRQBB&dib=eyJ2IjoiMSJ9.DPV4CKjBskvF4b82ogpSjvSC34ccoVyLUSGdwaf6XdXv1KNdw_59uTb9JiIDJsxKaBeXlaRTE7kXlH8Vve_s7wTke0qYARkG27RcvN4cmtXjM8FJGuTqLoYkKQLQGsPpL6-h_pwgeEHSm4L4ilVocOmISRmJ3ovxCgnawCMx07MNnPWNYK7iHXL_NEtxpA2d5aZ51UNZOkbmOhcL2HKYzneW4_jKSLFlkM5fL5OnEQDMv2jyN9641nH44YUX8WrJtbBlBYi57dDjE2TGuyCFV_-FNZ4R1fCaOwqtR81QuHE.cOW_bdv3OLS_NN7GFLf3f5R0GSZIIvefZLlYLdAfzYU&dib_tag=se&keywords=pencil&qid=1762499072&sprefix=pencil%2Caps%2C306&sr=8-52
Doms Neon Rt Pencil 30 Pcs Jar,3.9,113,Today 3 pm - 6 pm,https://www.amazon.in/DOMS-Neon-Pencil-Pcs-Jar/dp/B07GZJBGKD/ref=sr_1_53_f3_0o_fs?crid=1H4S2TTFDRQBB&dib=eyJ2IjoiMSJ9.DPV4CKjBskvF4b82ogpSjvSC34ccoVyLUSGdwaf6XdXv1KNdw_59uTb9JiIDJsxKaBeXlaRTE7kXlH8Vve_s7wTke0qYARkG27RcvN4cmtXjM8FJGuTqLoYkKQLQGsPpL6-h_pwgeEHSm4L4ilVocOmISRmJ3ovxCgnawCMx07MNnPWNYK7iHXL_NEtxpA2d5aZ51UNZOkbmOhcL2HKYzneW4_jKSLFlkM5fL5OnEQDMv2jyN9641nH44YUX8WrJtbBlBYi57dDjE2TGuyCFV_-FNZ4R1fCaOwqtR81QuHE.cOW_bdv3OLS_NN7GFLf3f5R0GSZIIvefZLlYLdAfzYU&dib_tag=se&keywords=pencil&qid=1762499072&sprefix=pencil%2Caps%2C306&sr=8-53
Staedtler Norica Black Lead Pencil Set - Pack of 12,4.4,216,"Sun, 9 Nov",https://www.amazon.in/Staedtler-Norica-Black-Lead-Pencil/dp/B07CBWKHGW/ref=sr_1_54?crid=1H4S2TTFDRQBB&dib=eyJ2IjoiMSJ9.DPV4CKjBskvF4b82ogpSjvSC34ccoVyLUSGdwaf6XdXv1KNdw_59uTb9JiIDJsxKaBeXlaRTE7kXlH8Vve_s7wTke0qYARkG27RcvN4cmtXjM8FJGuTqLoYkKQLQGsPpL6-h_pwgeEHSm4L4ilVocOmISRmJ3ovxCgnawCMx07MNnPWNYK7iHXL_NEtxpA2d5aZ51UNZOkbmOhcL2HKYzneW4_jKSLFlkM5fL5OnEQDMv2jyN9641nH44YUX8WrJtbBlBYi57dDjE2TGuyCFV_-FNZ4R1fCaOwqtR81QuHE.cOW_bdv3OLS_NN7GFLf3f5R0GSZIIvefZLlYLdAfzYU&dib_tag=se&keywords=pencil&qid=1762499072&sprefix=pencil%2Caps%2C306&sr=8-54
Uni-ball Shalaku 0.7mm Mechanical Pencil (M7-228),4.4,270,"Mon, 10 Nov",https://www.amazon.in/Uni-ball-Shalaku-M7-228-Mechanical-Pencil/dp/B07T1LLL2X/ref=sr_1_55?crid=1H4S2TTFDRQBB&dib=eyJ2IjoiMSJ9.DPV4CKjBskvF4b82ogpSjvSC34ccoVyLUSGdwaf6XdXv1KNdw_59uTb9JiIDJsxKaBeXlaRTE7kXlH8Vve_s7wTke0qYARkG27RcvN4cmtXjM8FJGuTqLoYkKQLQGsPpL6-h_pwgeEHSm4L4ilVocOmISRmJ3ovxCgnawCMx07MNnPWNYK7iHXL_NEtxpA2d5aZ51UNZOkbmOhcL2HKYzneW4_jKSLFlkM5fL5OnEQDMv2jyN9641nH44YUX8WrJtbBlBYi57dDjE2TGuyCFV_-FNZ4R1fCaOwqtR81QuHE.cOW_bdv3OLS_NN7GFLf3f5R0GSZIIvefZLlYLdAfzYU&dib_tag=se&keywords=pencil&qid=1762499072&sprefix=pencil%2Caps%2C306&sr=8-55
Pentonic Extra Dark Graphite Pencil Box Pack,4.1,100,"Mon, 10 Nov",https://www.amazon.in/Pentonic-Extra-Dark-Graphite-Pencil/dp/B07S9F8T17/ref=sr_1_56?crid=1H4S2TTFDRQBB&dib=eyJ2IjoiMSJ9.DPV4CKjBskvF4b82ogpSjvSC34ccoVyLUSGdwaf6XdXv1KNdw_59uTb9JiIDJsxKaBeXlaRTE7kXlH8Vve_s7wTke0qYARkG27RcvN4cmtXjM8FJGuTqLoYkKQLQGsPpL6-h_pwgeEHSm4L4ilVocOmISRmJ3ovxCgnawCMx07MNnPWNYK7iHXL_NEtxpA2d5aZ51UNZOkbmOhcL2HKYzneW4_jKSLFlkM5fL5OnEQDMv2jyN9641nH44YUX8WrJtbBlBYi57dDjE2TGuyCFV_-FNZ4R1fCaOwqtR81QuHE.cOW_bdv3OLS_NN7GFLf3f5R0GSZIIvefZLlYLdAfzYU&dib_tag=se&keywords=pencil&qid=1762499072&sprefix=pencil%2Caps%2C306&sr=8-56
Amazon Brand - Umi 6Pcs Inkless Pencils Eternal,3.6,235,TBA,https://www.amazon.in/sspa/click?ie=UTF8&spc=MTo1MjAxMzE0OTE1NTI1MzE2OjE3NjI0OTkwNzI6c3BfYnRmOjMwMDM1NjU5MDQ5OTUzMjo6MDo6&url=%2FAmazon-Brand-Everlasting-Unlimited-Multicolor%2Fdp%2FB0DHH51BYV%2Fref%3Dsr_1_57_sspa%3Fcrid%3D1H4S2TTFDRQBB%26dib%3DeyJ2IjoiMSJ9.DPV4CKjBskvF4b82ogpSjvSC34ccoVyLUSGdwaf6XdXv1KNdw_59uTb9JiIDJsxKaBeXlaRTE7kXlH8Vve_s7wTke0qYARkG27RcvN4cmtXjM8FJGuTqLoYkKQLQGsPpL6-h_pwgeEHSm4L4ilVocOmISRmJ3ovxCgnawCMx07MNnPWNYK7iHXL_NEtxpA2d5aZ51UNZOkbmOhcL2HKYzneW4_jKSLFlkM5fL5OnEQDMv2jyN9641nH44YUX8WrJtbBlBYi57dDjE2TGuyCFV_-FNZ4R1fCaOwqtR81QuHE.cOW_bdv3OLS_NN7GFLf3f5R0GSZIIvefZLlYLdAfzYU%26dib_tag%3Dse%26keywords%3Dpencil%26qid%3D1762499072%26sprefix%3Dpencil%252Caps%252C306%26sr%3D8-57-spons%26sp_csd%3Dd2lkZ2V0TmFtZT1zcF9idGY%26psc%3D1&aref=4VPUNkBdf4&sp_cr=ZAZ
Levin Everlasting Pencil Unlimited Inkless Pencil,3.0,170,"Wed, 12 Nov",https://www.amazon.in/sspa/click?ie=UTF8&spc=MTo1MjAxMzE0OTE1NTI1MzE2OjE3NjI0OTkwNzI6c3BfYnRmOjMwMDEzNDMyNjExNjgzMjo6MDo6&url=%2FLevin-Everlasting-Replaceable-Infinite-Unlimited%2Fdp%2FB0C49MLG77%2Fref%3Dsr_1_58_sspa%3Fcrid%3D1H4S2TTFDRQBB%26dib%3DeyJ2IjoiMSJ9.DPV4CKjBskvF4b82ogpSjvSC34ccoVyLUSGdwaf6XdXv1KNdw_59uTb9JiIDJsxKaBeXlaRTE7kXlH8Vve_s7wTke0qYARkG27RcvN4cmtXjM8FJGuTqLoYkKQLQGsPpL6-h_pwgeEHSm4L4ilVocOmISRmJ3ovxCgnawCMx07MNnPWNYK7iHXL_NEtxpA2d5aZ51UNZOkbmOhcL2HKYzneW4_jKSLFlkM5fL5OnEQDMv2jyN9641nH44YUX8WrJtbBlBYi57dDjE2TGuyCFV_-FNZ4R1fCaOwqtR81QuHE.cOW_bdv3OLS_NN7GFLf3f5R0GSZIIvefZLlYLdAfzYU%26dib_tag%3Dse%26keywords%3Dpencil%26qid%3D1762499072%26sprefix%3Dpencil%252Caps%252C306%26sr%3D8-58-spons%26sp_csd%3Dd2lkZ2V0TmFtZT1zcF9idGY%26psc%3D1&aref=5TRKg3u1QQ&sp_cr=ZAZ
Peeplvalue 6 Pcs Designer Whistle Pencils for Girls Multi-Color,2.0,199,"Wed, 12 Nov",https://www.amazon.in/sspa/click?ie=UTF8&spc=MTo1MjAxMzE0OTE1NTI1MzE2OjE3NjI0OTkwNzI6c3BfYnRmOjIwMDkwMDAxODM3Njk4OjowOjo&url=%2FPeeplvalue-designer-whistle-Multi-Color-Birthday%2Fdp%2FB0BJC6TJS4%2Fref%3Dsr_1_59_sspa%3Fcrid%3D1H4S2TTFDRQBB%26dib%3DeyJ2IjoiMSJ9.DPV4CKjBskvF4b82ogpSjvSC34ccoVyLUSGdwaf6XdXv1KNdw_59uTb9JiIDJsxKaBeXlaRTE7kXlH8Vve_s7wTke0qYARkG27RcvN4cmtXjM8FJGuTqLoYkKQLQGsPpL6-h_pwgeEHSm4L4ilVocOmISRmJ3ovxCgnawCMx07MNnPWNYK7iHXL_NEtxpA2d5aZ51UNZOkbmOhcL2HKYzneW4_jKSLFlkM5fL5OnEQDMv2jyN9641nH44YUX8WrJtbBlBYi57dDjE2TGuyCFV_-FNZ4R1fCaOwqtR81QuHE.cOW_bdv3OLS_NN7GFLf3f5R0GSZIIvefZLlYLdAfzYU%26dib_tag%3Dse%26keywords%3Dpencil%26qid%3D1762499072%26sprefix%3Dpencil%252Caps%252C306%26sr%3D8-59-spons%26sp_csd%3Dd2lkZ2V0TmFtZT1zcF9idGY%26psc%3D1&aref=TDgoIKpEi6&sp_cr=ZAZ
Peeplvalue Pack of 4 Unicorn Colorful Pencils for Girls with Rubber Unicorn Tops,3.6,149,"Wed, 12 Nov",https://www.amazon.in/sspa/click?ie=UTF8&spc=MTo1MjAxMzE0OTE1NTI1MzE2OjE3NjI0OTkwNzI6c3BfYnRmOjIwMDg1MTcyOTU5NTk4OjowOjo&url=%2FPeeplvalue-Unicorn-Colorful-Multi-Color-Birthday%2Fdp%2FB0BJBW7V9K%2Fref%3Dsr_1_60_sspa%3Fcrid%3D1H4S2TTFDRQBB%26dib%3DeyJ2IjoiMSJ9.DPV4CKjBskvF4b82ogpSjvSC34ccoVyLUSGdwaf6XdXv1KNdw_59uTb9JiIDJsxKaBeXlaRTE7kXlH8Vve_s7wTke0qYARkG27RcvN4cmtXjM8FJGuTqLoYkKQLQGsPpL6-h_pwgeEHSm4L4ilVocOmISRmJ3ovxCgnawCMx07MNnPWNYK7iHXL_NEtxpA2d5aZ51UNZOkbmOhcL2HKYzneW4_jKSLFlkM5fL5OnEQDMv2jyN9641nH44YUX8WrJtbBlBYi57dDjE2TGuyCFV_-FNZ4R1fCaOwqtR81QuHE.cOW_bdv3OLS_NN7GFLf3f5R0GSZIIvefZLlYLdAfzYU%26dib_tag%3Dse%26keywords%3Dpencil%26qid%3D1762499072%26sprefix%3Dpencil%252Caps%252C306%26sr%3D8-60-spons%26sp_csd%3Dd2lkZ2V0TmFtZT1zcF9idGY%26psc%3D1&aref=oGFCvE2hmq&sp_cr=ZAZ
